iniciativa_id,planta_id,linea_id,scenario_key,escenario_label,capex_estimado,gross_technical_value_mean,net_captured_value_mean,downside_adjusted_annual_mean,discounted_value_mean,downside_adjusted_value_mean,cost_of_delay_12m_mean,capital_efficiency_mean,screening_var_95_npv_mean,discounted_payback_meses_mean,implementation_burden,strategic_relevance_score,success_probability,reduccion_emisiones_pct,risk_adjusted_annual_savings_mean,npv_risk_adjusted_mean,payback_meses,value_at_risk_95,score_tradeoff,ranking
INI_0000013,PLT_BIZ,PLT_BIZ_L04,quick_wins_operativos,Quick Wins Operativos,25319.8617,1030139.9151646384,912555.3616542144,656443.5252764142,3940997.6509751854,2827836.845051846,849953.2857808988,111.6845296612282,1113160.8059233394,3.0,41.14458175790407,62.48100000000001,0.8879232,5.601736666666666,912555.3616542144,3940997.6509751854,3.0,256111.8363778001,65.9967754455739,1
INI_0000037,PLT_CAN,PLT_CAN_L02,quick_wins_operativos,Quick Wins Operativos,17302.4344,964468.740535345,846804.1886857799,607019.4209748681,3663235.124770892,2621038.055520734,788712.6993389283,151.48377360822323,1042197.0692501584,2.0,35.23213613993772,51.45525,0.8879232,5.601736666666666,846804.1886857799,3663235.124770892,2.0,239784.7677109118,65.29706925094071,2
INI_0000020,PLT_ALA,PLT_ALA_L01,capex_mayor,CAPEX Mayor,990151.2055,3600536.230736602,1797173.3288955882,1291170.0928214933,5157732.709133584,3426764.913320495,1522674.3952226173,3.4608501148974207,1730967.7958130892,23.0,89.86443450187144,79.922,0.5703552,22.165492500000003,1797173.3288955882,5157732.709133584,23.0,506003.2360740949,64.74095668684257,3
INI_0000016,PLT_BIZ,PLT_BIZ_L04,capex_mayor,CAPEX Mayor,1518718.7054,3678977.517944236,1832285.4433846443,1315258.4201229503,4749278.945847235,2980600.2832861757,1552423.5111453815,1.9625756057973525,1768678.662561059,27.0,90.88961817888976,95.233,0.5703552,23.80738083333333,1832285.4433846443,4749278.945847235,27.0,517027.023261694,62.98235684594157,4
INI_0000017,PLT_ALA,PLT_ALA_L01,quick_wins_operativos,Quick Wins Operativos,28164.3921,1008141.668058628,885825.9928322048,635183.3275645374,3821976.975963742,2732587.2967746877,825057.5744501008,97.02276857502945,1089389.6791890543,3.0,41.39973759427693,50.52574999999999,0.8879232,5.21541,885825.9928322048,3821976.975963742,3.0,250642.66526766735,62.479269267717285,5
INI_0000009,PLT_BIZ,PLT_BIZ_L03,quick_wins_operativos,Quick Wins Operativos,22324.3127,879090.0307087385,780564.4331550014,562006.3918716009,3370309.724737376,2420372.1942549096,727017.0475149662,108.41866563958806,949937.5304824664,3.0,35.84283073811626,50.60275000000001,0.8879232,5.21541,780564.4331550014,3370309.724737376,3.0,218558.0412834005,61.32506490149665,6
INI_0000039,PLT_CAN,PLT_CAN_L02,optimizacion_parametros,Optimización de Parámetros de Proceso,248763.9211,1454909.9438723903,1093433.5298236955,785685.0191846775,4284423.275509034,3008550.9246499594,998487.0039920596,12.094000252715745,1275872.3508590749,8.0,60.95387809594408,67.1255,0.7554432,8.402604999999998,1093433.5298236955,4284423.275509034,8.0,307748.51063901803,60.461753052961754,7
INI_0000021,PLT_ALA,PLT_ALA_L02,quick_wins_operativos,Quick Wins Operativos,26545.0776,859233.1181633,762933.0198255355,549311.7742743854,3289456.038263054,2360975.7258213977,710595.1641728152,88.94212936191973,928480.3124416564,3.0,36.25782960635508,48.34875,0.8879232,5.21541,762933.0198255355,3289456.038263054,3.0,213621.2455511501,59.4861069559463,8
INI_0000013,PLT_BIZ,PLT_BIZ_L04,quick_wins_operativos,Quick Wins Operativos,25811.5095,789300.6552264619,683545.2595300762,491543.1235562948,2945139.7856254335,2110624.460436412,636653.4719212926,81.77067135249925,834515.3251890214,3.0,41.190670007448986,62.48100000000001,0.8687715,5.289464666666666,683545.2595300762,2945139.7856254335,3.0,192002.13597378135,58.998887152308185,9
INI_0000045,PLT_CAN,PLT_CAN_L04,quick_wins_operativos,Quick Wins Operativos,10858.1673,759503.503591077,647390.0601171475,464279.7685170312,2802948.6885600593,2007080.7480023876,602978.5500147715,184.84525910762008,795867.9405576717,2.0,39.115567176927094,29.251500000000007,0.8610432,4.442756666666667,647390.0601171475,2802948.6885600593,2.0,183110.29160011635,58.52633458597885,10
INI_0000037,PLT_CAN,PLT_CAN_L02,quick_wins_operativos,Quick Wins Operativos,17638.404,740932.6342348114,633920.4932204618,453684.1695283858,2737624.519825481,1954247.95209133,590433.0068916343,110.79505561224984,783376.5677341509,3.0,35.278223554144134,51.45525,0.8687715,5.289464666666666,633920.4932204618,2737624.519825481,3.0,180236.32369207597,58.0523168196632,11
INI_0000025,PLT_ALA,PLT_ALA_L03,quick_wins_operativos,Quick Wins Operativos,43298.7177,869625.9792908586,772161.0823350729,555955.9792812525,3312811.1164695146,2373100.3629020504,719190.1737261578,54.8076360908501,939710.7535674642,3.0,37.43040431928962,49.64375,0.8879232,5.21541,772161.0823350729,3312811.1164695146,3.0,216205.10305382044,57.81555712059365,12
INI_0000015,PLT_BIZ,PLT_BIZ_L04,optimizacion_parametros,Optimización de Parámetros de Proceso,370437.6254,1551366.0637183532,1070324.9432919407,768862.0997661974,4066945.349241948,2817132.2922520097,977385.0140646928,7.604876230404671,1249813.0569899385,10.0,61.90815841959143,67.62775,0.6940031999999999,8.402604999999998,1070324.9432919407,4066945.349241948,10.0,301462.84352574334,57.81256885767429,13
INI_0000033,PLT_CAN,PLT_CAN_L01,quick_wins_operativos,Quick Wins Operativos,40562.9244,924957.5465199628,819302.9555207376,589341.4014410943,3520443.6700687152,2520942.075409623,763098.074217136,62.148923251934534,999501.5946590924,3.0,37.2739848360209,37.98425,0.8879232,4.829083333333333,819302.9555207376,3520443.6700687152,3.0,229961.5540796432,57.32741325852274,14
INI_0000040,PLT_CAN,PLT_CAN_L02,capex_mayor,CAPEX Mayor,1878533.5906,3446216.5803065635,1718316.2150692446,1234000.3715120826,3999590.933632808,2342812.7384895287,1455861.8590170434,1.2471497716158693,1656778.1951432796,31.0,91.39919550566272,92.93175,0.5703552,23.80738083333333,1718316.2150692446,3999590.933632808,31.0,484315.843557162,57.13016238035138,15
INI_0000019,PLT_ALA,PLT_ALA_L01,optimizacion_parametros,Optimización de Parámetros de Proceso,263717.7186,1525767.2263033837,1088004.4597435088,776751.4609453081,4246961.487988862,2956560.1324664317,993529.3584004696,11.211078831418464,1290401.3555224305,9.0,61.093779459286424,49.754,0.7285632,7.823115,1088004.4597435088,4246961.487988862,9.0,311252.99879820074,56.62102425737042,16
INI_0000005,PLT_BIZ,PLT_BIZ_L02,quick_wins_operativos,Quick Wins Operativos,22814.9223,776342.6680281413,681862.7371897515,488849.59068396775,2940823.4818992317,2101913.9150596983,635086.3720480669,92.12890964172594,838909.5668395334,3.0,35.89492703601264,38.203,0.8879232,4.829083333333333,681862.7371897515,2940823.4818992317,3.0,193013.14650578372,56.10547503838816,17
INI_0000013,PLT_BIZ,PLT_BIZ_L04,quick_wins_operativos,Quick Wins Operativos,24582.39,600347.1299156159,550195.0349283667,395545.614262104,2389103.61850395,1710662.121964456,514480.8422123131,69.58892613632996,678441.496539494,3.0,39.962632598922546,62.48100000000001,0.927485,4.670334,550195.0349283667,2389103.61850395,3.0,154649.42066626268,56.05310841951584,18
INI_0000017,PLT_ALA,PLT_ALA_L01,quick_wins_operativos,Quick Wins Operativos,28711.2735,779385.7620963862,667576.4361501206,477986.1576178869,2872833.3571202564,2048800.894462606,621780.1234405553,71.35876067853995,824032.4626576505,3.0,41.445826025898576,50.52574999999999,0.8687715,4.924674,667576.4361501206,2872833.3571202564,3.0,189590.27853223373,55.952078307260265,19
INI_0000020,PLT_ALA,PLT_ALA_L01,capex_mayor,CAPEX Mayor,1009377.4425,2781790.8033435512,1355327.8792896145,972979.844291282,3578041.350475077,2283896.525439985,1143864.0649368437,2.2626783889515987,1294144.825035092,26.0,91.02163561927352,79.922,0.5578194999999999,20.9298645,1355327.8792896145,3578041.350475077,26.0,382348.03499833215,55.861526019125705,20
INI_0000027,PLT_ALA,PLT_ALA_L03,optimizacion_parametros,Optimización de Parámetros de Proceso,218558.41920000003,1316491.104084464,939775.31980056,671214.1677628332,3677588.2885893327,2564179.9809802775,858171.4552366436,11.732240699608232,1113408.3076090552,8.0,65.64363602546786,59.567000000000014,0.7285632,7.823115,939775.31980056,3677588.2885893327,8.0,268561.15203772695,55.33056270655506,21
INI_0000037,PLT_CAN,PLT_CAN_L02,quick_wins_operativos,Quick Wins Operativos,16798.48,563878.2533541803,509222.4721805125,363967.4341164756,2217142.3560490194,1579913.68115645,476167.8854389808,94.05099039653884,637228.6748925694,3.0,34.0501882966112,51.45525,0.927485,4.670334,509222.4721805125,2217142.3560490194,3.0,145255.03806403687,55.039175074230606,22
INI_0000009,PLT_BIZ,PLT_BIZ_L03,quick_wins_operativos,Quick Wins Operativos,22757.7945,669712.9227409253,581827.5004590178,418915.8003304928,2506088.894037754,1798011.821247183,541913.6378492028,79.00641783399455,708077.0727905708,3.0,35.88891874575965,50.60275000000001,0.8687715,4.924674,581827.5004590178,2506088.894037754,3.0,162911.70012852497,55.02721493322545,23
INI_0000041,PLT_CAN,PLT_CAN_L03,quick_wins_operativos,Quick Wins Operativos,36097.071,780160.7556798513,685250.7102199633,491288.3165046152,2942266.7705007484,2099231.4092279556,638241.9272397496,58.15517301190326,843035.3612727928,3.0,41.99444514301344,45.17575,0.8879232,4.829083333333333,685250.7102199633,2942266.7705007484,3.0,193962.3937153481,54.954191774318,24
INI_0000012,PLT_BIZ,PLT_BIZ_L03,capex_mayor,CAPEX Mayor,1651044.8447999998,3141098.2477800646,1567096.3797398368,1125660.5000963707,3709777.325648979,2199685.6165371183,1327739.2302178657,1.3322991337667622,1510091.7091118605,30.0,91.08983388269766,83.618,0.5703552,22.165492500000003,1567096.3797398368,3709777.325648979,30.0,441435.8796434661,54.695459420076006,25
INI_0000011,PLT_BIZ,PLT_BIZ_L03,optimizacion_parametros,Optimización de Parámetros de Proceso,259165.1083,1322015.660616498,943890.367078328,674202.2182366444,3654041.8771598246,2535961.2347970144,861929.1790630994,9.785118264691244,1118080.6423628102,9.0,66.05204521365637,57.25525,0.7285632,7.823115,943890.367078328,3654041.8771598246,9.0,269688.14884168364,54.53954822624776,26
INI_0000039,PLT_CAN,PLT_CAN_L02,optimizacion_parametros,Optimización de Parámetros de Proceso,253594.2885,1137231.3406284167,834679.4479667756,599347.1400880117,3206843.025330842,2231195.785762033,762201.4128544899,8.798288790175308,975647.239568809,9.0,60.999967964833424,67.1255,0.7390515,7.934196999999998,834679.4479667756,3206843.025330842,9.0,235332.30787876388,54.4236425779713,27
INI_0000013,PLT_BIZ,PLT_BIZ_L04,quick_wins_operativos,Quick Wins Operativos,26548.9812,702421.3018221215,562757.3502658685,404586.9644271252,2396695.78218585,1715610.836737558,522086.6527330554,64.62059028982844,681084.9454482922,3.0,42.3692931128257,62.48100000000001,0.8042100000000001,5.139863333333333,562757.3502658685,2396695.78218585,3.0,158170.38583874324,54.411460064570264,28
INI_0000023,PLT_ALA,PLT_ALA_L02,optimizacion_parametros,Optimización de Parámetros de Proceso,229493.2288,1297069.3412562208,931762.482596274,667163.3254277674,3633433.635229064,2536451.0763503183,850854.3997455128,11.052400498320576,1096982.558878746,9.0,60.76063838221892,51.231,0.7285632,7.823115,931762.482596274,3633433.635229064,9.0,264599.15716850676,54.11728310349043,29
INI_0000001,PLT_BIZ,PLT_BIZ_L01,quick_wins_operativos,Quick Wins Operativos,33915.5722,799153.7034134897,707238.2690447567,508553.8772292648,3040014.679068661,2176455.6930971225,658721.1207821085,64.1727546350264,863558.9859715383,3.0,36.845050903322395,32.174,0.8879232,4.442756666666667,707238.2690447567,3040014.679068661,3.0,198684.39181549184,54.02947336640831,30
INI_0000021,PLT_ALA,PLT_ALA_L02,quick_wins_operativos,Quick Wins Operativos,27060.516,660406.1576270922,573742.0481709254,413094.27468306624,2466643.678881229,1768406.5043144843,534382.8544818992,65.35006591576024,698237.1745667444,3.0,36.30391793910931,48.34875,0.8687715,4.924674,573742.0481709254,2466643.678881229,3.0,160647.7734878591,53.71119556366624,31
INI_0000016,PLT_BIZ,PLT_BIZ_L04,capex_mayor,CAPEX Mayor,1548208.389,2816869.818048491,1368195.2015199652,981025.6708412284,3082762.814219687,1772298.528607918,1154723.7747798793,1.14474158724373,1310464.2856117692,32.0,92.04681931233756,95.233,0.5578194999999999,22.48022483333333,1368195.2015199652,3082762.814219687,32.0,387169.53067873674,53.57003359084892,32
INI_0000037,PLT_CAN,PLT_CAN_L02,quick_wins_operativos,Quick Wins Operativos,18142.3584,659041.6519354045,520405.9271646384,372003.71883180627,2222736.303141939,1583713.331611607,482795.9838240538,87.29368567713925,639022.971530332,3.0,36.45684546452003,51.45525,0.8042100000000001,5.139863333333333,520405.9271646384,2222736.303141939,3.0,148402.20833283215,53.29544060554683,33
INI_0000017,PLT_ALA,PLT_ALA_L01,quick_wins_operativos,Quick Wins Operativos,27344.07,593882.3581133714,537069.2245093017,384085.1290592972,2328759.4760179026,1657623.701847595,502207.0527914418,60.62095737202234,671135.7741703077,3.0,40.21778814852507,50.52574999999999,0.927485,4.348242000000001,537069.2245093017,2328759.4760179026,3.0,152984.0954500045,53.16539648578043,34
INI_0000020,PLT_ALA,PLT_ALA_L01,capex_mayor,CAPEX Mayor,961311.85,2124943.0776025113,1105815.4869571438,793399.5898692635,2984899.8609188497,1870012.8962247197,951765.707738477,1.945271865965992,1114886.9646941302,25.0,87.5713714649065,79.922,0.5966849999999999,18.480028500000003,1105815.4869571438,2984899.8609188497,25.0,312415.8970878803,52.6999789201157,35
INI_0000025,PLT_ALA,PLT_ALA_L03,quick_wins_operativos,Quick Wins Operativos,44139.4695,672907.0939937996,584602.5054096343,420913.8038949367,2496768.4606849873,1785314.2402331913,544498.2750941792,40.44711593629804,711454.220451796,4.0,37.47649331741179,49.64375,0.8687715,4.924674,584602.5054096343,2496768.4606849873,4.0,163688.70151469763,52.55763378096847,36
INI_0000009,PLT_BIZ,PLT_BIZ_L03,quick_wins_operativos,Quick Wins Operativos,21674.09,508966.3349019365,468249.0281097816,337139.3002390427,2032517.7072620403,1457344.004028669,437854.10455109365,67.23899384143321,575173.7032333713,3.0,34.660881960128854,50.60275000000001,0.927485,4.348242000000001,468249.0281097816,2032517.7072620403,3.0,131109.7278707389,52.535591131519766,37
INI_0000003,PLT_BIZ,PLT_BIZ_L01,optimizacion_parametros,Optimización de Parámetros de Proceso,218059.6108,1202500.610907117,902484.274200794,648126.4195392183,3523484.8410220393,2468960.9594517406,824118.517055166,11.32241294201072,1054523.8815702987,9.0,65.63816010100703,43.5795,0.7554432,6.664135,902484.274200794,3523484.8410220393,9.0,254357.85466157563,52.21381853028974,38
INI_0000015,PLT_BIZ,PLT_BIZ_L04,optimizacion_parametros,Optimización de Parámetros de Proceso,377630.589,1208763.1829606222,814151.6700249112,584378.3359059361,2997702.0910302876,2045101.3997763288,743456.1311919708,5.415613722373344,952600.691253959,11.0,61.954248348754646,67.62775,0.6788915,7.934196999999998,814151.6700249112,2997702.0910302876,11.0,229773.3341189751,51.88050873332812,39
INI_0000045,PLT_CAN,PLT_CAN_L04,quick_wins_operativos,Quick Wins Operativos,11069.0055,578904.9506488822,480979.3239000768,344423.5075712353,2079452.617386938,1485928.379272854,447983.7321874746,134.24226587229123,593524.2381140841,3.0,39.16165302552499,29.251500000000007,0.8424515,4.195092666666667,480979.3239000768,2079452.617386938,3.0,136555.8163288415,51.7984072099479,40
INI_0000033,PLT_CAN,PLT_CAN_L01,quick_wins_operativos,Quick Wins Operativos,41350.554,718293.6324554206,622000.9552584111,447271.70503596263,2662105.4612822235,1902664.7585531052,579331.159396627,46.01304153151382,759440.7027291183,4.0,37.320073763038685,37.98425,0.8687715,4.559883333333333,622000.9552584111,2662105.4612822235,4.0,174729.2502224485,51.76894691064437,41
INI_0000039,PLT_CAN,PLT_CAN_L02,optimizacion_parametros,Optimización de Parámetros de Proceso,241518.37,869254.9033079077,680609.9015697101,488456.063515058,2607142.5319021707,1802891.6322983175,623962.0096962708,7.464821960740782,804250.8996038532,9.0,59.77192638649782,67.1255,0.789485,7.005501,680609.9015697101,2607142.5319021707,9.0,192153.8380546521,51.66638449071076,42
INI_0000029,PLT_ALA,PLT_ALA_L04,quick_wins_operativos,Quick Wins Operativos,35333.089100000005,749271.0567653845,658379.8739450019,472097.2307156613,2826239.7356843376,2016583.531584443,613214.4532438894,57.07351332562776,809656.2040998945,3.0,41.943178721665305,28.43950000000001,0.8879232,4.442756666666667,658379.8739450019,2826239.7356843376,3.0,186282.64322934055,51.6560956932351,43
INI_0000048,PLT_CAN,PLT_CAN_L04,capex_mayor,CAPEX Mayor,1400473.6445,2715245.039743318,1441624.5150166217,1036914.2407368426,3531126.454561479,2146668.0134490617,1221431.845914382,1.5328157169394427,1384458.4411124173,29.0,85.69535752493772,64.49024999999999,0.6049152,18.881715833333335,1441624.5150166217,3531126.454561479,29.0,404710.27427977906,51.49950550739246,44
INI_0000017,PLT_ALA,PLT_ALA_L01,quick_wins_operativos,Quick Wins Operativos,29531.5956,692229.6392394421,547340.4510040018,391465.0115156313,2327327.6814189185,1656124.8223141723,507783.938912706,56.07976097011746,671202.859104746,4.0,42.62444939174663,50.52574999999999,0.8042100000000001,4.7853900000000005,547340.4510040018,2327327.6814189185,4.0,155875.4394883705,51.47362875470306,45
INI_0000007,PLT_BIZ,PLT_BIZ_L02,optimizacion_parametros,Optimización de Parámetros de Proceso,239253.9826,1167942.1003247125,836553.7838395019,598296.2863118596,3228954.005120599,2241179.432794684,763912.993813904,9.36736520930408,987774.5723259152,9.0,60.86046187141214,49.76775,0.7285632,7.243625,836553.7838395019,3228954.005120599,9.0,238257.4975276423,51.45568875084635,46
INI_0000021,PLT_ALA,PLT_ALA_L02,quick_wins_operativos,Quick Wins Operativos,25771.92,502722.0131600651,462504.25210725993,333003.06151722715,2003217.7496908945,1435100.6421774444,432482.2327447927,55.684661529969226,568117.1075134501,3.0,35.075880316319136,48.34875,0.927485,4.348242000000001,462504.25210725993,2003217.7496908945,3.0,129501.19059003278,51.38530183130755,47
INI_0000009,PLT_BIZ,PLT_BIZ_L03,quick_wins_operativos,Quick Wins Operativos,23408.0172,596826.0907727423,479973.5104603471,345580.92753144994,2043367.8236441384,1464670.5882077797,445285.6339564272,62.57132228217004,578697.2354363585,3.0,37.06754150508213,50.60275000000001,0.8042100000000001,4.7853900000000005,479973.5104603471,2043367.8236441384,3.0,134392.58292889717,50.91353510439349,48
INI_0000019,PLT_ALA,PLT_ALA_L01,optimizacion_parametros,Optimización de Parámetros de Proceso,268838.451,1201323.8161514162,832088.0885361563,592346.1174041859,3180855.5326948147,2186926.58833503,759835.069914042,8.134723958571795,993928.944359785,10.0,61.13986933858118,49.754,0.7127315,7.387010999999999,832088.0885361563,3180855.5326948147,10.0,239741.9711319704,50.66396820980857,49
INI_0000014,PLT_BIZ,PLT_BIZ_L04,mantenimiento_restauracion,Mantenimiento y Restauración de Performance,135721.5962,896954.3265193328,688292.2333151626,495334.02251709544,2745093.3458185997,1937475.7817283256,631004.9327333723,14.275368371539429,807617.564090274,7.0,56.59067296494637,60.42125,0.7683072,3.080955166666666,688292.2333151626,2745093.3458185997,7.0,192958.21079806716,50.58913680779041,50
INI_0000005,PLT_BIZ,PLT_BIZ_L02,quick_wins_operativos,Quick Wins Operativos,23257.9305,591925.6818433178,506613.7847048753,362624.2992038836,2178680.9445235655,1552847.1135235368,471859.6471245857,66.76634937590585,625833.8310000286,3.0,35.94101508762422,38.203,0.8687715,4.559883333333333,506613.7847048753,2178680.9445235655,3.0,143989.48550099175,50.54628235685767,51
INI_0000016,PLT_BIZ,PLT_BIZ_L04,capex_mayor,CAPEX Mayor,1474484.18,2147496.1893982817,1113410.068843247,797678.3414500442,2498829.5459764786,1372109.713560186,958302.2978740474,0.930569301571066,1126719.8324162925,32.0,88.59655511665285,95.233,0.5966849999999999,19.848919500000004,1113410.068843247,2498829.5459764786,32.0,315731.7273932025,50.4851547767998,52
INI_0000025,PLT_ALA,PLT_ALA_L03,quick_wins_operativos,Quick Wins Operativos,42037.59,512809.76245540456,471784.9814589722,339685.18665046,2027666.3085785771,1448149.2169765756,441160.532529586,34.44891148556746,579517.0916020016,4.0,36.24845398130074,49.64375,0.927485,4.348242000000001,471784.9814589722,2027666.3085785771,4.0,132099.7948085122,50.40529735998669,53
INI_0000035,PLT_CAN,PLT_CAN_L01,optimizacion_parametros,Optimización de Parámetros de Proceso,436818.2105,1403216.273609946,957452.5189979612,684778.2754282954,3532615.122299347,2402154.6452053543,874313.683533255,5.499209024403424,1130460.4770939928,11.0,67.3031953548794,44.73125,0.6940031999999999,7.243625,957452.5189979612,3532615.122299347,11.0,272674.24356966594,50.305717021343945,54
INI_0000027,PLT_ALA,PLT_ALA_L03,optimizacion_parametros,Optimización de Parámetros de Proceso,222802.27200000003,1037529.0071170748,719681.4909790634,512627.20142896567,2760873.3073183205,1902461.864107113,657189.1168108671,8.538790233284123,858411.4432112074,9.0,65.68972586899626,59.567000000000014,0.7127315,7.387010999999999,719681.4909790634,2760873.3073183205,9.0,207054.28955009775,50.125005212428086,55
INI_0000041,PLT_CAN,PLT_CAN_L03,quick_wins_operativos,Quick Wins Operativos,36797.985,598531.4129983009,512350.4117584867,366754.0423875437,2190074.4834278924,1557256.5154625524,477202.7366711504,42.31907033666524,632817.96796534,4.0,42.04053393080581,45.17575,0.8687715,4.559883333333333,512350.4117584867,2190074.4834278924,4.0,145596.369370943,49.94426129962488,56
INI_0000021,PLT_ALA,PLT_ALA_L02,quick_wins_operativos,Quick Wins Operativos,27833.6736,587355.5451234786,472357.2029437528,340097.186119502,2006146.189906475,1436631.8281246603,438219.7600133405,51.61488378324091,569514.3617818141,4.0,37.482541163521795,48.34875,0.8042100000000001,4.7853900000000005,472357.2029437528,2006146.189906475,4.0,132260.0168242508,49.73919246222944,57
INI_0000044,PLT_CAN,PLT_CAN_L03,capex_mayor,CAPEX Mayor,1549250.8821,2788157.7484270195,1389219.3764074484,997384.1738213862,3203078.412348845,1862663.82882817,1177031.0296685095,1.2022996729253692,1340414.583520675,31.0,85.9373214244929,65.99100000000001,0.5703552,20.52360416666667,1389219.3764074484,3203078.412348845,31.0,391835.20258606225,49.50337100695011,58
INI_0000033,PLT_CAN,PLT_CAN_L01,quick_wins_operativos,Quick Wins Operativos,39381.48,547883.7432167458,502069.8168137395,360934.96456110576,2163180.91188571,1544027.3452985322,469479.5223612753,39.20694055425373,619153.5665871778,3.0,36.09203461002128,37.98425,0.927485,4.02615,502069.8168137395,2163180.91188571,3.0,141134.85225263372,49.45572571390158,59
INI_0000045,PLT_CAN,PLT_CAN_L04,quick_wins_operativos,Quick Wins Operativos,10541.91,440236.12873532786,389427.3335649964,278551.3111734574,1697861.9226103963,1211452.764156483,364148.8741880409,114.91776766795422,486409.1584539132,2.0,37.93362179942492,29.251500000000007,0.899485,3.704058,389427.3335649964,1697861.9226103963,2.0,110876.02239153897,49.39114512368297,60
INI_0000039,PLT_CAN,PLT_CAN_L02,optimizacion_parametros,Optimización de Parámetros de Proceso,260839.8396,1007978.4889544982,682530.2384513795,489829.34603840986,2434923.8938464993,1673820.5054481784,611092.0922771222,6.417043148067395,761103.3883983209,13.0,64.40081560899687,67.1255,0.6827700000000001,7.709794999999999,682530.2384513795,2434923.8938464993,13.0,192700.8924129696,49.38289217795373,61
INI_0000043,PLT_CAN,PLT_CAN_L03,optimizacion_parametros,Optimización de Parámetros de Proceso,388016.2028,1177559.466075275,847928.3037074271,607708.8857250807,3127348.586341503,2131440.2295253105,774299.8257108591,5.493173259633039,995908.3568161926,11.0,62.019269755558824,45.19325,0.7285632,7.243625,847928.3037074271,3127348.586341503,11.0,240219.4179823464,49.359886635862715,62
INI_0000015,PLT_BIZ,PLT_BIZ_L04,optimizacion_parametros,Optimización de Parámetros de Proceso,359648.18,923219.2590953918,663469.8293848203,475930.9466130706,2417273.7516399575,1632338.531470258,608248.5240973129,4.538709278245918,784935.2201696995,12.0,60.72620661521382,67.62775,0.7254849999999999,7.005501,663469.8293848203,2417273.7516399575,12.0,187538.8827717497,49.21120615106594,63
INI_0000018,PLT_ALA,PLT_ALA_L01,mantenimiento_restauracion,Mantenimiento y Restauración de Performance,152256.9381,908080.1161743528,702001.3531213168,499815.1213335364,2785936.8835105896,1939695.869284339,643573.0277988226,12.739622203688194,846241.0142262506,8.0,61.86619424944496,53.480500000000006,0.7951872,2.8684754999999997,702001.3531213168,2785936.8835105896,8.0,202186.23178778036,49.17841114005895,64
INI_0000011,PLT_BIZ,PLT_BIZ_L03,optimizacion_parametros,Optimización de Parámetros de Proceso,264197.44049999997,1023987.42459449,710122.0198705344,505770.15379907144,2679846.2171206884,1832638.556470584,648459.7268602557,6.936624946109514,847207.6606501045,10.0,66.09813508991039,57.25525,0.7127315,7.387010999999999,710122.0198705344,2679846.2171206884,10.0,204351.86607146295,49.05971276807118,65
INI_0000031,PLT_ALA,PLT_ALA_L04,optimizacion_parametros,Optimización de Parámetros de Proceso,316673.5103,1127606.2631891477,810606.903517544,580577.8238317883,3043963.17796867,2090302.2096175689,740219.1687308303,6.600811692892547,953660.9683511016,10.0,61.532338245216266,44.272499999999994,0.7285632,6.664135,810606.903517544,3043963.17796867,10.0,230029.07968575577,48.968160323346176,66
INI_0000023,PLT_ALA,PLT_ALA_L02,optimizacion_parametros,Optimización de Parámetros de Proceso,233949.408,1014652.1865252006,709648.712725386,507159.8317588779,2708131.999669568,1868647.9545799051,648027.5185728411,7.987401936832023,839484.045089663,10.0,60.80672823569926,51.231,0.7127315,7.387010999999999,709648.712725386,2708131.999669568,10.0,202488.8809665081,48.87704872513237,67
INI_0000038,PLT_CAN,PLT_CAN_L02,mantenimiento_restauracion,Mantenimiento y Restauración de Performance,200101.2724,848094.0438333729,664543.064094412,475712.8762397017,2581312.6329075857,1790972.7157245558,609232.4323312778,8.950331470878522,790339.9171830299,9.0,62.5210737415669,59.4465,0.7951872,3.080955166666666,664543.064094412,2581312.6329075857,9.0,188830.18785471033,48.856815128416464,68
INI_0000025,PLT_ALA,PLT_ALA_L03,quick_wins_operativos,Quick Wins Operativos,45400.5972,597516.0936883627,480528.41770511825,345980.46074768517,2023764.685691268,1444398.4064817133,445800.43783391174,31.81452437990647,579366.2792095549,4.0,38.6551174936714,49.64375,0.8042100000000001,4.7853900000000005,480528.41770511825,2023764.685691268,4.0,134547.95695743308,48.811493699123666,69
INI_0000001,PLT_BIZ,PLT_BIZ_L01,quick_wins_operativos,Quick Wins Operativos,34574.127,608816.3462855066,526521.736490979,378423.4951826248,2253892.3836374544,1610200.3154292128,490401.8964442257,46.5724070322647,643692.0682082416,4.0,36.89113960977607,32.174,0.8687715,4.195092666666667,526521.736490979,2253892.3836374544,4.0,148098.24130835413,48.76479092600302,70
INI_0000047,PLT_CAN,PLT_CAN_L04,optimizacion_parametros,Optimización de Parámetros de Proceso,338099.0347,1142762.1347371964,827120.6284914629,593999.7859290332,3091000.714722612,2124521.8296850272,755298.9511997416,6.283726398598402,966478.8850375848,11.0,61.68923786996399,41.2555,0.7285632,6.664135,827120.6284914629,3091000.714722612,11.0,233120.84256242972,48.718156359826246,71
INI_0000005,PLT_BIZ,PLT_BIZ_L02,quick_wins_operativos,Quick Wins Operativos,22150.41,450000.8703278328,406549.9648842728,290629.7406878231,1761369.7959333395,1252831.9039437475,380160.0433604042,56.560212833249935,508537.89198959176,3.0,34.71297818877546,38.203,0.927485,4.02615,406549.9648842728,1761369.7959333395,3.0,115920.22419644974,48.44265366517288,72
INI_0000040,PLT_CAN,PLT_CAN_L02,capex_mayor,CAPEX Mayor,1915009.971,2646230.529388269,1287350.8863828606,923635.1670526732,2442325.0617901813,1211245.5926433564,1086493.1212584348,0.632500932624834,1231079.469146825,37.0,92.55639664486782,92.93175,0.5578194999999999,22.48022483333333,1287350.8863828606,2442325.0617901813,37.0,363715.71933018754,48.232166474675,73
INI_0000014,PLT_BIZ,PLT_BIZ_L04,mantenimiento_restauracion,Mantenimiento y Restauración de Performance,138356.967,790178.6757171222,593073.0067072522,426770.97538354824,2343922.356712532,1647872.984750487,543710.9044523125,11.910300004989896,696049.3719620449,8.0,56.63676268099547,60.42125,0.7516475,2.9092055666666656,593073.0067072522,2343922.356712532,8.0,166302.031323704,48.139870924721166,74
INI_0000020,PLT_ALA,PLT_ALA_L01,capex_mayor,CAPEX Mayor,1038216.798,2475849.666360942,1107914.0832551122,794894.0974762307,2317545.7288999297,1369439.0531897282,899213.9301032212,1.3190299519597333,948106.6757102016,34.0,97.75581679333098,79.922,0.5131060000000001,20.337907500000004,1107914.0832551122,2317545.7288999297,34.0,313019.98577888147,48.109435681235745,75
INI_0000041,PLT_CAN,PLT_CAN_L03,quick_wins_operativos,Quick Wins Operativos,35045.7,455561.6553291537,411663.6971219881,294311.0147091981,1770908.2669995695,1256086.2318697227,384941.8336374664,35.841379452250145,514822.035129847,4.0,40.81249513629359,45.17575,0.927485,4.02615,411663.6971219881,1770908.2669995695,4.0,117352.68241279002,48.0359648386255,76
INI_0000019,PLT_ALA,PLT_ALA_L01,optimizacion_parametros,Optimización de Parámetros de Proceso,256036.62,919674.4899110087,676765.2915070512,480676.1594010834,2576532.8463481213,1755810.957598186,620437.3906514058,6.857655586916379,820721.8887499354,10.0,59.91182773345165,49.754,0.761485,6.522363,676765.2915070512,2576532.8463481213,10.0,196089.1321059678,47.901714297575445,77
INI_0000004,PLT_BIZ,PLT_BIZ_L01,capex_mayor,CAPEX Mayor,1485739.8049,2858802.27465233,1431385.6388802852,1029622.3709755704,3410834.500660975,2036457.36489528,1212756.8481954727,1.3706689140177857,1374377.1357656952,30.0,85.83700260985191,50.05799999999999,0.5703552,18.881715833333335,1431385.6388802852,3410834.500660975,30.0,401763.2679047148,47.896130692206754,78
INI_0000032,PLT_ALA,PLT_ALA_L04,capex_mayor,CAPEX Mayor,1477714.8483000002,2680385.6951396004,1416940.350930876,1017425.9004936172,3369444.1048302785,2002759.8657445132,1200517.9229129013,1.3553087512442186,1366684.239085765,30.0,85.82402268042834,48.937999999999995,0.6049152,18.881715833333335,1416940.350930876,3369444.1048302785,30.0,399514.4504372587,47.870354431433626,79
INI_0000033,PLT_CAN,PLT_CAN_L01,quick_wins_operativos,Quick Wins Operativos,42531.9984,637336.2958880246,510557.26954569167,367042.64724118134,2155938.14019645,1537961.2149649952,473659.0926083983,36.16009763992174,617976.9252314549,4.0,38.498697837579435,37.98425,0.8042100000000001,4.430916666666667,510557.26954569167,2155938.14019645,4.0,143514.62230451033,47.79565536240268,80
INI_0000027,PLT_ALA,PLT_ALA_L03,optimizacion_parametros,Optimización de Parámetros de Proceso,212192.64,794370.842907922,585579.343352739,416206.928585452,2238722.306319864,1529821.9880971047,536840.9467336757,7.209590248262638,708900.3182227593,10.0,64.46168435596506,59.567000000000014,0.761485,6.522363,585579.343352739,2238722.306319864,10.0,169372.41476728703,47.74727145180518,81
INI_0000010,PLT_BIZ,PLT_BIZ_L03,mantenimiento_restauracion,Mantenimiento y Restauración de Performance,104758.313,747420.688804287,578132.5797526441,411717.5576219853,2314988.552655193,1618466.2629567124,530013.9852526102,15.449525833398178,696522.2896984802,7.0,60.97007683549879,55.218250000000005,0.7951872,2.8684754999999997,578132.5797526441,2314988.552655193,7.0,166415.02213065873,47.56789856102462,82
INI_0000024,PLT_ALA,PLT_ALA_L02,capex_mayor,CAPEX Mayor,2222085.7131000003,3069128.166530012,1539006.058004985,1107684.5312465592,3042643.312423052,1567151.419816968,1303939.4035837224,0.7052614624980678,1475491.8926060838,36.0,86.8017172648479,74.32650000000001,0.5703552,22.165492500000003,1539006.058004985,3042643.312423052,36.0,431321.5267584261,47.53583573164381,83
INI_0000045,PLT_CAN,PLT_CAN_L04,quick_wins_operativos,Quick Wins Operativos,11385.2628,515956.3127702058,395626.8245106444,283004.08694168896,1692192.0077544658,1207236.1756836534,367034.71654805914,106.03498547997096,484955.8320708123,3.0,40.34027269620316,29.251500000000007,0.7795700000000001,4.076443333333334,395626.8245106444,1692192.0077544658,3.0,112622.73756895546,47.46176220550979,84
INI_0000003,PLT_BIZ,PLT_BIZ_L01,optimizacion_parametros,Optimización de Parámetros de Proceso,222293.778,931708.155920939,682512.9811269372,489710.494272168,2607287.5574680665,1807961.634999468,623248.0741842671,8.133208456241489,799325.9224685982,10.0,65.68424994405765,43.5795,0.7390515,6.292638999999999,682512.9811269372,2607287.5574680665,10.0,192802.48685476917,47.03719494004164,85
INI_0000015,PLT_BIZ,PLT_BIZ_L04,optimizacion_parametros,Optimización de Parámetros de Proceso,388420.0344,1072027.2296128368,665222.2434909617,477182.2352534924,2238982.969390282,1496288.498016087,595595.6669795685,3.85224335899005,742694.4713741948,16.0,65.35509607914325,67.62775,0.6264500000000001,7.709794999999999,665222.2434909617,2238982.969390282,16.0,188040.00823746936,46.966061080443886,86
INI_0000005,PLT_BIZ,PLT_BIZ_L02,quick_wins_operativos,Quick Wins Operativos,23922.4428,527422.7534261931,416663.76291454554,297899.3402053395,1770240.3186429285,1258838.2636175044,386551.3070463543,52.62164379038684,511402.0550254239,4.0,37.11963790984578,38.203,0.8042100000000001,4.430916666666667,416663.76291454554,1770240.3186429285,4.0,118764.42270920606,46.82318494852477,87
INI_0000001,PLT_BIZ,PLT_BIZ_L01,quick_wins_operativos,Quick Wins Operativos,32927.74,462925.0699780707,423548.223427825,304298.725401474,1825163.2203220015,1302019.9227006463,396054.91302742646,39.54173358695879,523143.2976213554,3.0,35.66310102471079,32.174,0.927485,3.704058,423548.223427825,1825163.2203220015,3.0,119249.49802635104,46.80934098586796,88
INI_0000018,PLT_ALA,PLT_ALA_L01,mantenimiento_restauracion,Mantenimiento y Restauración de Performance,155213.3835,810039.4133687202,609649.6770720965,433198.0626225161,2396446.818514691,1657916.8412093967,558907.8807687995,10.681532763631797,738529.9773052945,8.0,61.91228400202148,53.480500000000006,0.7779675,2.7085706999999997,609649.6770720965,2396446.818514691,8.0,176451.61444958035,46.80819661366557,89
INI_0000029,PLT_ALA,PLT_ALA_L04,quick_wins_operativos,Quick Wins Operativos,36019.1685,571404.9034485201,489352.776202326,350355.0935809547,2090896.7071671288,1486759.17648292,455782.7585224081,41.276887790536314,604137.5306842085,4.0,41.98926748211484,28.43950000000001,0.8687715,4.195092666666667,489352.776202326,2090896.7071671288,4.0,138997.6826213713,46.74247790074563,90
INI_0000011,PLT_BIZ,PLT_BIZ_L03,optimizacion_parametros,Optimización de Parámetros de Proceso,251616.61,781557.7894082783,575912.223811396,409271.7544964784,2158837.0597384823,1461371.1713974308,527978.4319170688,5.807928067218738,697465.8883410515,11.0,64.87009349261075,57.25525,0.761485,6.522363,575912.223811396,2158837.0597384823,11.0,166640.46931491763,46.70760815857219,91
INI_0000014,PLT_BIZ,PLT_BIZ_L04,mantenimiento_restauracion,Mantenimiento y Restauración de Performance,131768.54,613117.7399043008,491420.96063789784,353587.31038903975,1944626.597712371,1362239.7153572238,452299.0760086228,10.338125590199478,582386.8823551473,8.0,55.4087214962234,60.42125,0.802885,2.5686837,491420.96063789784,1944626.597712371,8.0,137833.6502488581,46.60862510738289,92
INI_0000007,PLT_BIZ,PLT_BIZ_L02,optimizacion_parametros,Optimización de Parámetros de Proceso,243899.691,905513.8008250024,630706.0982078718,449997.3995387144,2370899.2256567497,1621712.0672430233,575939.7578567402,6.649094390377982,749187.1584137264,10.0,60.906551733007475,49.76775,0.7127315,6.839824999999998,630706.0982078718,2370899.2256567497,10.0,180708.6986691574,46.584951286802045,93
INI_0000023,PLT_ALA,PLT_ALA_L02,optimizacion_parametros,Optimización de Parámetros de Proceso,222808.96,775885.7723631385,577624.6973829444,412193.59171992,2194812.187757184,1502408.0344032138,529548.3744771038,6.743032391530456,692404.15335397,10.0,59.578686697041825,51.231,0.761485,6.522363,577624.6973829444,2194812.187757184,10.0,165431.1056630244,46.564056046141594,94
INI_0000038,PLT_CAN,PLT_CAN_L02,mantenimiento_restauracion,Mantenimiento y Restauración de Performance,203986.734,749901.0296526159,573331.3094587715,409979.69325861544,2195664.6394590386,1511964.0919667063,525612.3298333301,7.412070688708151,683700.5474923323,10.0,62.567163565829766,59.4465,0.7779675,2.9092055666666656,573331.3094587715,2195664.6394590386,10.0,163351.61620015604,46.514140918963385,95
INI_0000041,PLT_CAN,PLT_CAN_L03,quick_wins_operativos,Quick Wins Operativos,37849.356,532583.4840387931,420811.8711686295,300885.36133295496,1774175.245185968,1257769.2190129752,390399.6298670613,33.230927866063965,516406.0261729928,4.0,43.21915780617659,45.17575,0.8042100000000001,4.430916666666667,420811.8711686295,1774175.245185968,4.0,119926.50983567454,46.47041243868627,96
INI_0000012,PLT_BIZ,PLT_BIZ_L03,capex_mayor,CAPEX Mayor,1683103.968,2391732.2369933985,1164387.694406881,835651.9318335609,2258033.8727052147,1145352.1089815358,982715.1508052808,0.6804999160821513,1112681.763723679,37.0,92.2470350185545,83.618,0.5578194999999999,20.9298645,1164387.694406881,2258033.8727052147,37.0,328735.76257332007,46.37071794545712,97
INI_0000026,PLT_ALA,PLT_ALA_L03,mantenimiento_restauracion,Mantenimiento y Restauración de Performance,109966.0136,786973.5072209444,590611.5249113952,421313.0496054062,2362010.893211998,1653420.0451453764,541454.2944255816,15.035736870117628,708590.8480666217,7.0,56.08634827286658,46.050999999999995,0.7683072,2.8684754999999997,590611.5249113952,2362010.893211998,7.0,169298.47530598898,46.34712911222896,98
INI_0000022,PLT_ALA,PLT_ALA_L02,mantenimiento_restauracion,Mantenimiento y Restauración de Performance,123917.3636,756847.6880585466,540932.6995160987,385438.93537305767,2140131.1436550445,1489319.2683322018,495910.2909347301,12.018648759665847,650811.8753228427,8.0,61.37260533757261,55.30925,0.7337471999999999,2.8684754999999997,540932.6995160987,2140131.1436550445,8.0,155493.76414304104,45.68992757890202,99
INI_0000034,PLT_CAN,PLT_CAN_L01,mantenimiento_restauracion,Mantenimiento y Restauración de Performance,186099.1228,847667.7519912809,649765.4985163822,467410.11213882174,2533463.9731227364,1770224.034610303,595684.8193811569,9.512264259906026,763239.9385124338,9.0,62.347214689216926,41.13325,0.7683072,2.6559958333333333,649765.4985163822,2533463.9731227364,9.0,182355.38637756044,45.6319288795162,100
INI_0000019,PLT_ALA,PLT_ALA_L01,optimizacion_parametros,Optimización de Parámetros de Proceso,276519.5496,1063052.3572523764,675934.3507807982,480038.8893748164,2393192.657085453,1619471.80099091,605186.5740012059,5.8566267858224155,773720.8560945431,13.0,64.54071699763013,49.754,0.6581300000000001,7.178085000000001,675934.3507807982,2393192.657085453,13.0,195895.46140598183,45.611837486477754,101
INI_0000016,PLT_BIZ,PLT_BIZ_L04,capex_mayor,CAPEX Mayor,1592442.9144,2512005.7224068083,1119966.9618662824,802375.7905654899,1799826.593497774,837874.2475232619,908996.382108131,0.526156535940226,961952.345974512,42.0,98.78100050934928,95.233,0.5131060000000001,21.844419166666665,1119966.9618662824,1799826.593497774,42.0,317591.1713007925,45.611582968126264,102
INI_0000027,PLT_ALA,PLT_ALA_L03,optimizacion_parametros,Optimización de Parámetros de Proceso,229168.0512,917881.493640598,584648.965405937,415505.06813122454,2079997.7394825704,1411936.5191598723,523455.72311668424,6.1611403150068424,668061.2203226979,13.0,69.09057347687946,59.567000000000014,0.6581300000000001,7.178085000000001,584648.965405937,2079997.7394825704,13.0,169143.8972747125,45.5907325385046,103
INI_0000040,PLT_CAN,PLT_CAN_L02,capex_mayor,CAPEX Mayor,1823819.02,2018891.7344818064,1048731.19407723,751907.3031224322,1918681.7574681884,859436.405615273,902633.7566540306,0.4712289959643436,1059245.3518529152,38.0,89.10613243435805,92.93175,0.5966849999999999,19.848919500000004,1048731.19407723,1918681.7574681884,38.0,296823.89095479785,45.52022555573391,104
INI_0000010,PLT_BIZ,PLT_BIZ_L03,mantenimiento_restauracion,Mantenimiento y Restauración de Performance,106792.45500000002,652745.5110676197,491251.21945633175,349063.0773095122,1949316.541724143,1354194.7247867405,450363.8537299782,12.680621723573452,595121.8169374026,8.0,61.01616645213558,55.218250000000005,0.7779675,2.7085706999999997,491251.21945633175,1949316.541724143,8.0,142188.14214681956,45.26999742354436,105
INI_0000001,PLT_BIZ,PLT_BIZ_L01,quick_wins_operativos,Quick Wins Operativos,35561.9592,542660.3872075025,434056.21676614566,311860.6019672249,1833493.0674410784,1307316.2284707746,402686.8013404859,36.76164806102063,526176.838970304,4.0,38.0697633687872,32.174,0.8042100000000001,4.076443333333334,434056.21676614566,1833493.0674410784,4.0,122195.61479892075,45.23095684935917,106
INI_0000018,PLT_ALA,PLT_ALA_L01,mantenimiento_restauracion,Mantenimiento y Restauración de Performance,147822.27,629856.1109594422,503297.01877636946,356762.3802450993,1978752.634855192,1359601.570240826,463229.6844948428,9.197542225815004,619151.064614366,8.0,60.68424272319133,53.480500000000006,0.830885,2.3915331,503297.01877636946,1978752.634855192,8.0,146534.63853127015,45.22840151651785,107
INI_0000035,PLT_CAN,PLT_CAN_L01,optimizacion_parametros,Optimización de Parámetros de Proceso,445300.1175,1110565.7012810663,737208.8579009216,526101.8457593702,2611040.908005294,1735827.574544802,673194.5232743924,3.89810715588864,875213.3334604918,13.0,67.34928530276932,44.73125,0.6788915,6.839824999999998,737208.8579009216,2611040.908005294,13.0,211107.01214155136,45.15081186984952,108
INI_0000038,PLT_CAN,PLT_CAN_L02,mantenimiento_restauracion,Mantenimiento y Restauración de Performance,194273.08,582201.2895519374,473917.03222686145,338469.1830554402,1808162.917271224,1235856.7318206376,436188.63042128785,6.361440976900338,572306.1854505865,10.0,61.33912210240731,59.4465,0.830885,2.5686837,473917.03222686145,1808162.917271224,10.0,135447.84917142126,45.1076169092821,109
INI_0000036,PLT_CAN,PLT_CAN_L01,capex_mayor,CAPEX Mayor,2378564.8477999996,3300866.9519227385,1644635.8411043095,1180746.7833399228,3247509.2043720083,1660608.2468796135,1393435.3712303713,0.6981555488872023,1586900.9574923946,36.0,91.96480890841696,63.44650000000001,0.5703552,20.52360416666667,1644635.8411043095,3247509.2043720083,36.0,463889.0577643867,45.099385964886054,110
INI_0000029,PLT_ALA,PLT_ALA_L04,quick_wins_operativos,Quick Wins Operativos,34303.97,434622.1380001539,392954.7619221416,280996.09917330195,1689574.5650906728,1198415.9019761097,367447.33054772834,34.935195604943374,491158.6631145634,4.0,40.76122875801034,28.43950000000001,0.927485,3.704058,392954.7619221416,1689574.5650906728,4.0,111958.66274883963,44.94895956050308,111
INI_0000003,PLT_BIZ,PLT_BIZ_L01,optimizacion_parametros,Optimización de Parámetros de Proceso,211708.36,711648.6582801997,555914.4796750102,398600.416199954,2115045.68721436,1456615.0341968185,509645.121467202,6.880290576134162,658430.6530175416,10.0,64.45620843225674,43.5795,0.789485,5.556087000000001,555914.4796750102,2115045.68721436,10.0,157314.0634750562,44.89916776523083,112
INI_0000042,PLT_CAN,PLT_CAN_L03,mantenimiento_restauracion,Mantenimiento y Restauración de Performance,94761.2257,681288.2353625019,514598.39782967983,368035.5740084744,2059066.293849778,1445634.451425896,471767.8214139242,15.255548255597288,613431.8424238821,7.0,50.729709920471954,42.830749999999995,0.7683072,2.6559958333333333,514598.39782967983,2059066.293849778,7.0,146562.8238212054,44.6995885123056,113
INI_0000011,PLT_BIZ,PLT_BIZ_L03,optimizacion_parametros,Optimización de Parámetros de Proceso,271745.9388,909484.2489944614,579212.8464096833,411616.3631482803,2015949.0193608485,1353999.561334824,518588.5844257658,4.982593547907049,661949.4580260245,14.0,69.49898274460938,57.25525,0.6581300000000001,7.178085000000001,579212.8464096833,2015949.0193608485,14.0,167596.48326140305,44.62827602656778,114
INI_0000043,PLT_CAN,PLT_CAN_L03,optimizacion_parametros,Optimización de Parámetros de Proceso,395550.498,919581.6506124996,645196.5121201894,461680.365540403,2279323.1804316835,1518496.826240175,589171.920196089,3.838945555417238,760826.3541915086,13.0,62.06535969030487,45.19325,0.7127315,6.839824999999998,645196.5121201894,2279323.1804316835,13.0,183516.1465797864,44.570741130936014,115
INI_0000007,PLT_BIZ,PLT_BIZ_L02,optimizacion_parametros,Optimización de Parámetros de Proceso,232285.42,691407.2781668198,512167.1400376941,364748.18409753306,1911366.183803472,1294351.040448313,469538.9198148162,5.5722440110460365,617015.1433551586,11.0,59.678510173453915,49.76775,0.761485,6.039225,512167.1400376941,1911366.183803472,11.0,147418.95594016102,44.56616961178421,116
INI_0000023,PLT_ALA,PLT_ALA_L02,optimizacion_parametros,Optimización de Parámetros de Proceso,240633.6768,899206.3458866474,578515.9421121293,412813.4338349831,2044308.744952657,1389839.8479142294,517964.6227588434,5.775749539285722,654468.8970384276,13.0,64.20757585781926,51.231,0.6581300000000001,7.178085000000001,578515.9421121293,2044308.744952657,13.0,165702.5082771462,44.44341226810006,117
INI_0000026,PLT_ALA,PLT_ALA_L03,mantenimiento_restauracion,Mantenimiento y Restauración de Performance,112101.276,703086.4935122816,514138.541319106,366166.0438820696,2039801.5356383363,1420469.570244455,471346.2392537941,12.671305991596876,619331.9653938813,8.0,56.132437910139544,46.050999999999995,0.7516475,2.7085706999999997,514138.541319106,2039801.5356383363,8.0,147972.49743703642,44.29707649291383,118
INI_0000031,PLT_ALA,PLT_ALA_L04,optimizacion_parametros,Optimización de Parámetros de Proceso,322822.51050000003,874568.025219394,612166.1334489898,437633.122918326,2215112.903640874,1491529.085198059,559009.6808458408,4.6202759618216245,723583.8184428152,12.0,61.5784281534576,44.272499999999994,0.7127315,6.292638999999999,612166.1334489898,2215112.903640874,12.0,174533.01053066383,44.27743496492287,119
INI_0000014,PLT_BIZ,PLT_BIZ_L04,mantenimiento_restauracion,Mantenimiento y Restauración de Performance,142310.02320000005,680596.0687241886,471869.11186291825,339508.58519105945,1758028.3469772327,1224978.4371444576,425808.783190608,8.607815595833992,533049.9098327751,11.0,58.92649899540129,60.42125,0.694562,2.826924833333333,471869.11186291825,1758028.3469772327,11.0,132360.5266718588,44.11532590934048,120
INI_0000010,PLT_BIZ,PLT_BIZ_L03,mantenimiento_restauracion,Mantenimiento y Restauración de Performance,101707.1,506054.6569720063,404307.8630853521,286575.36046106013,1606610.1031562756,1109156.3606816684,372121.0276809321,10.905397564984828,497453.7424746072,8.0,59.78812552335013,55.218250000000005,0.830885,2.3915331,404307.8630853521,1606610.1031562756,8.0,117732.50262429198,44.0402052454985,121
INI_0000047,PLT_CAN,PLT_CAN_L04,optimizacion_parametros,Optimización de Parámetros de Proceso,344664.0645,885807.4708019285,625769.0136938647,448993.00522862264,2249666.5496060834,1516783.6478246683,571431.3770632201,4.40075947582481,732882.9017814151,13.0,61.73532778734037,41.2555,0.7127315,6.292638999999999,625769.0136938647,2249666.5496060834,13.0,176776.00846524205,43.97024955816344,122
INI_0000048,PLT_CAN,PLT_CAN_L04,capex_mayor,CAPEX Mayor,1427667.3075,2068972.54966582,1073379.690026624,771754.7321156692,2205433.019932799,1184514.0072756722,905906.588520888,0.8296849000134944,1020919.0126571268,35.0,86.85255865584763,64.49024999999999,0.5916595,17.829143833333333,1073379.690026624,2205433.019932799,35.0,301624.9579109547,43.913145737696304,123
INI_0000012,PLT_BIZ,PLT_BIZ_L03,capex_mayor,CAPEX Mayor,1602956.16,1821879.7606615445,947201.5732633268,679343.0099857085,1777226.144461938,821346.4233480304,815248.100954574,0.5123948139342941,955879.7211139076,38.0,88.79677081666648,83.618,0.5966849999999999,18.480028500000003,947201.5732633268,1777226.144461938,38.0,267858.56327761826,43.90039260844856,124
INI_0000022,PLT_ALA,PLT_ALA_L02,mantenimiento_restauracion,Mantenimiento y Restauración de Performance,126323.526,669760.4070663424,466039.8102086069,331427.2780579303,1824264.2967885144,1260849.841078594,427250.817106202,9.981116590100518,563414.4557099205,8.0,61.418695021582046,55.30925,0.7178074999999999,2.7085706999999997,466039.8102086069,1824264.2967885144,8.0,134612.5321506766,43.71173826926473,125
INI_0000034,PLT_CAN,PLT_CAN_L01,mantenimiento_restauracion,Mantenimiento y Restauración de Performance,189712.698,760863.5724832903,570364.3590674673,410232.0224799898,2197520.6433997056,1527294.2401179965,522892.3219043277,8.050564122587073,670226.4032817092,9.0,62.39330449631518,41.13325,0.7516475,2.507935833333333,570364.3590674673,2197520.6433997056,9.0,160132.33658747748,43.580076337549414,126
INI_0000006,PLT_BIZ,PLT_BIZ_L02,mantenimiento_restauracion,Mantenimiento y Restauración de Performance,114596.8421,661945.0892524552,501083.2883295539,358681.67846790876,1982663.818917245,1386648.5428461446,459377.5889687089,12.100233457010283,596015.2760711003,8.0,61.18520486487385,41.936499999999995,0.7683072,2.6559958333333333,501083.2883295539,1982663.818917245,8.0,142401.60986164515,43.406335994504914,127
INI_0000029,PLT_ALA,PLT_ALA_L04,quick_wins_operativos,Quick Wins Operativos,37048.2876,509255.46759081905,402609.9517837126,287936.4166981731,1696598.473097108,1202811.8645993348,373513.17043565866,32.46605828549373,493786.6084977733,4.0,43.16789131837015,28.43950000000001,0.8042100000000001,4.076443333333334,402609.9517837126,1696598.473097108,4.0,114673.53508553952,43.39649399621662,128
INI_0000026,PLT_ALA,PLT_ALA_L03,mantenimiento_restauracion,Mantenimiento y Restauración de Performance,106763.12,546872.6968845202,425085.8484092947,302144.60054261883,1689347.057314501,1169884.8655445504,391244.88343006535,10.957762058139089,519462.1917699503,8.0,54.904396928216,46.050999999999995,0.802885,2.3915331,425085.8484092947,1689347.057314501,8.0,122941.24786667584,43.01198742938297,129
INI_0000002,PLT_BIZ,PLT_BIZ_L01,mantenimiento_restauracion,Mantenimiento y Restauración de Performance,95797.3954,677723.2856859363,512579.3194120785,366783.40901203314,2049579.3658918827,1439357.4037135933,469916.7930579223,15.02501605292698,610221.9621782894,7.0,60.755773206201034,35.645,0.7683072,2.4435161666666665,512579.3194120785,2049579.3658918827,7.0,145795.91040004534,42.9793094904992,130
INI_0000035,PLT_CAN,PLT_CAN_L01,optimizacion_parametros,Optimización de Parámetros de Proceso,424095.35,851258.5927029288,601233.1525014177,428312.057265834,2092337.882176174,1368584.7278720322,551191.8725625311,3.2270684596566133,723753.1543041419,14.0,66.12124352100726,44.73125,0.7254849999999999,6.039225,601233.1525014177,2092337.882176174,14.0,172921.09523558366,42.87486436291841,131
INI_0000003,PLT_BIZ,PLT_BIZ_L01,optimizacion_parametros,Optimización de Parámetros de Proceso,228645.0288,827658.1893088268,559143.7093835544,400915.6584475258,1979783.6218645528,1354836.304812231,500620.0165227228,5.92550081636514,624947.3170523217,13.0,69.08509755125736,43.5795,0.6827700000000001,6.1146650000000005,559143.7093835544,1979783.6218645528,13.0,158228.0509360286,42.77177391613285,132
INI_0000042,PLT_CAN,PLT_CAN_L03,mantenimiento_restauracion,Mantenimiento y Restauración de Performance,96601.2495,601160.0312073425,442825.55946742103,316304.6377914831,1756824.4128485129,1227277.0142290762,405968.7133450653,12.704566665352257,529547.3986194367,8.0,50.77579949113779,42.830749999999995,0.7516475,2.507935833333333,442825.55946742103,1756824.4128485129,8.0,126520.92167593796,42.74848683579544,133
INI_0000043,PLT_CAN,PLT_CAN_L03,optimizacion_parametros,Optimización de Parámetros de Proceso,376714.76,703200.4849699799,525503.9875106984,375570.5335474361,1822757.594961158,1195218.1377666052,481765.7271725638,3.172740398508955,627539.4571945528,14.0,60.837317942388246,45.19325,0.761485,6.039225,525503.9875106984,1822757.594961158,14.0,149933.45396326226,42.62105247526736,134
INI_0000018,PLT_ALA,PLT_ALA_L01,mantenimiento_restauracion,Mantenimiento y Restauración de Performance,159648.0516,695920.6509677054,480348.0537937341,340205.9470688969,1774837.200169082,1210448.8645239032,433460.07431252743,7.581983321391836,564388.3356451788,11.0,64.20202036868181,53.480500000000006,0.7192020000000001,2.6319645000000005,480348.0537937341,1774837.200169082,11.0,140142.1067248372,42.61580644664453,135
INI_0000038,PLT_CAN,PLT_CAN_L02,mantenimiento_restauracion,Mantenimiento y Restauración de Performance,209814.9264,645428.4738243707,454310.0700158101,324335.90423100826,1619808.6626510185,1096369.2423475557,409963.7235015095,5.22541108566028,523439.4203034628,13.0,64.85690003504143,59.4465,0.7192020000000001,2.826924833333333,454310.0700158101,1619808.6626510185,13.0,129974.16578480182,42.58151902237877,136
INI_0000022,PLT_ALA,PLT_ALA_L02,mantenimiento_restauracion,Mantenimiento y Restauración de Performance,120308.12,520280.1770686161,384629.70301793225,272911.0852123779,1504863.187567943,1032819.841060533,354009.4404086054,8.584789131943321,472043.34650741005,8.0,60.19065391931208,55.30925,0.7668849999999999,2.3915331,384629.70301793225,1504863.187567943,8.0,111718.61780555436,42.577432770709265,137
INI_0000007,PLT_BIZ,PLT_BIZ_L02,optimizacion_parametros,Optimización de Parámetros de Proceso,250868.25360000003,804119.6422886084,514801.4066021103,366621.1337518777,1782423.2896347905,1197161.2996778134,460918.8735454097,4.772071724892867,585261.9899569771,14.0,64.30739936673643,49.76775,0.6581300000000001,6.646375,514801.4066021103,1782423.2896347905,14.0,148180.2728502326,42.54031601888102,138
INI_0000031,PLT_ALA,PLT_ALA_L04,optimizacion_parametros,Optimización de Parámetros de Proceso,307450.01,668198.2062404896,497925.3127087059,355454.8976065749,1776593.0917964303,1180289.8346102077,456482.4550448388,3.8389650226721654,596303.2571862228,13.0,60.35038647379061,44.272499999999994,0.761485,5.556087000000001,497925.3127087059,1776593.0917964303,13.0,142470.41510213102,42.42361108134335,139
INI_0000034,PLT_CAN,PLT_CAN_L01,mantenimiento_restauracion,Mantenimiento y Restauración de Performance,180678.76,592465.9842585239,474182.1567700716,340991.18227407825,1822877.464849012,1260107.2251106354,436432.6484740898,6.974296398263057,562770.2397383768,9.0,61.16526307709158,41.13325,0.802885,2.2143824999999997,474182.1567700716,1822877.464849012,9.0,133190.97449599337,42.23091787374933,140
INI_0000044,PLT_CAN,PLT_CAN_L03,capex_mayor,CAPEX Mayor,1579333.4235,2138211.154600855,1039191.1344310734,745301.0143003595,1938047.877680711,943309.201705132,877052.2715873774,0.597283124430205,994738.6759755788,38.0,87.09452255853304,65.99100000000001,0.5578194999999999,19.379504166666663,1039191.1344310734,1938047.877680711,38.0,293890.1201307139,42.16846101304853,141
INI_0000047,PLT_CAN,PLT_CAN_L04,optimizacion_parametros,Optimización de Parámetros de Proceso,328251.49,676634.3411927359,509807.0319691505,365537.8996042683,1805521.991896021,1201690.2877563252,467375.24607138056,3.6608829643281298,603831.7041396957,13.0,60.50728608415066,41.2555,0.761485,5.556087000000001,509807.0319691505,1805521.991896021,13.0,144269.1323648822,42.10858018727238,142
INI_0000008,PLT_BIZ,PLT_BIZ_L02,capex_mayor,CAPEX Mayor,2272572.8626,2774451.390691622,1385695.8448586478,995786.8724017796,2467702.912812432,1133877.698851582,1174045.679739342,0.4989400857116359,1333825.21396085,39.0,91.85556028017064,64.75725,0.5703552,20.52360416666667,1385695.8448586478,2467702.912812432,39.0,389908.97245686816,41.89024165937661,143
INI_0000048,PLT_CAN,PLT_CAN_L04,capex_mayor,CAPEX Mayor,1359683.15,1577184.0014732657,874357.6934379594,628484.8268208307,1760548.5795006286,883126.9869422092,752552.0113680712,0.6495093999967634,877421.5925584194,36.0,83.40229446669794,64.49024999999999,0.6326849999999999,15.7422465,874357.6934379594,1760548.5795006286,36.0,245872.86661712872,41.74808656616199,144
INI_0000042,PLT_CAN,PLT_CAN_L03,mantenimiento_restauracion,Mantenimiento y Restauración de Performance,92001.19,466937.1696252364,366079.186398058,261108.06855638177,1454788.8404210345,1011255.6252245156,336935.72520573647,10.991766793717728,443533.2151965187,8.0,49.54775868072753,42.830749999999995,0.802885,2.2143824999999997,366079.186398058,1454788.8404210345,8.0,104971.11784167624,41.7121432053975,145
INI_0000010,PLT_BIZ,PLT_BIZ_L03,mantenimiento_restauracion,Mantenimiento y Restauración de Performance,109843.66800000002,563346.2080960945,388898.7796949191,275454.0582194835,1456351.8183959273,999480.7249210308,350937.39344887086,9.099120077827614,456871.0934748965,11.0,63.30590262432653,55.218250000000005,0.7192020000000001,2.6319645000000005,388898.7796949191,1456351.8183959273,11.0,113444.72147543564,41.701251612262254,146
INI_0000030,PLT_ALA,PLT_ALA_L04,mantenimiento_restauracion,Mantenimiento y Restauración de Performance,141175.0445,637662.1778481381,478467.9503104467,341290.2264360933,1861430.1772564424,1287279.2315949814,438644.54978162446,9.11831999879399,574150.945661461,9.0,61.68508637719652,36.8455,0.7683072,2.4435161666666665,478467.9503104467,1861430.1772564424,9.0,137177.7238743534,41.543481630873025,147
INI_0000006,PLT_BIZ,PLT_BIZ_L02,mantenimiento_restauracion,Mantenimiento y Restauración de Performance,116822.0235,578850.0280593078,427432.3103287086,305606.78091831016,1672175.9147240825,1162280.8607665251,391856.66083716834,9.949158779692985,509895.0539575573,8.0,61.23129451892163,41.936499999999995,0.7516475,2.507935833333333,427432.3103287086,1672175.9147240825,8.0,121825.52941039843,41.44917405435516,148
INI_0000046,PLT_CAN,PLT_CAN_L04,mantenimiento_restauracion,Mantenimiento y Restauración de Performance,130116.9645,645056.5120151024,482504.2937959647,343735.85627129953,1889382.1840819623,1308573.3808558164,442344.9440709818,10.056900619256426,580808.8032261459,8.0,51.48960410934269,29.36875,0.7683072,2.4435161666666665,482504.2937959647,1889382.1840819623,8.0,138768.43752466515,41.1581614698811,149
INI_0000002,PLT_BIZ,PLT_BIZ_L01,mantenimiento_restauracion,Mantenimiento y Restauración de Performance,97657.539,591672.9091476948,436430.3343789253,311906.08474491956,1729001.2079297905,1207810.786731128,400105.769697794,12.3678192088286,521190.4211986624,8.0,60.80186278207733,35.645,0.7516475,2.3073009666666664,436430.3343789253,1729001.2079297905,8.0,124524.24963400576,40.93534577135225,150
INI_0000026,PLT_ALA,PLT_ALA_L03,mantenimiento_restauracion,Mantenimiento y Restauración de Performance,115304.1696,603850.8959784899,405339.1317124035,287903.8036288722,1517100.8460331832,1044158.5525856772,365772.9614311708,9.055687718908624,472942.2934475059,11.0,58.42217411185167,46.050999999999995,0.694562,2.6319645000000005,405339.1317124035,1517100.8460331832,11.0,117435.32808353136,40.59388464780939,151
INI_0000035,PLT_CAN,PLT_CAN_L01,optimizacion_parametros,Optimización de Parámetros de Proceso,458022.978,981658.0373762916,598520.8650939614,426332.15538993536,1905932.12747957,1225844.9272666415,535875.6976857916,2.6763830334875505,680087.2002129285,18.0,70.75013305994749,44.73125,0.6264500000000001,6.646375,598520.8650939614,1905932.12747957,18.0,172188.709704026,40.54150744027005,152
INI_0000040,PLT_CAN,PLT_CAN_L02,capex_mayor,CAPEX Mayor,1969724.5416,2358601.0826419364,1053565.6198785312,755369.2926226092,1221421.8480468665,318214.5725110501,855103.2033902424,0.1615528292359933,903207.2755358164,50.0,99.29057785011572,92.93175,0.5131060000000001,21.844419166666665,1053565.6198785312,1221421.8480468665,50.0,298196.327255922,40.49524301223237,153
INI_0000006,PLT_BIZ,PLT_BIZ_L02,mantenimiento_restauracion,Mantenimiento y Restauración de Performance,111259.07,449050.31998022896,353061.03073832614,252111.0162142748,1380525.502211107,953982.6070166446,324953.94126109104,8.574425500920011,426542.8951944624,8.0,60.003253493802944,41.936499999999995,0.802885,2.2143824999999997,353061.03073832614,1380525.502211107,8.0,100950.01452405134,40.48743285927339,154
INI_0000043,PLT_CAN,PLT_CAN_L03,optimizacion_parametros,Optimización de Parámetros de Proceso,406851.9408,815350.7091556555,526575.164249945,376325.2708292936,1672941.9653856768,1079505.673747373,471460.3115501255,2.6533133198891035,593436.2916383038,18.0,65.46620742868001,45.19325,0.6581300000000001,6.646375,526575.164249945,1672941.9653856768,18.0,150249.89342065132,40.43294096444651,155
INI_0000032,PLT_ALA,PLT_ALA_L04,capex_mayor,CAPEX Mayor,1506408.3405000002,2044072.11352771,1054152.4707006318,756157.6204019483,2061613.0428481088,1052980.9639547763,889679.2788110124,0.6990010182798614,1008632.0788933324,36.0,86.98122381304206,48.937999999999995,0.5916595,17.829143833333333,1054152.4707006318,2061613.0428481088,36.0,297994.8502986835,40.36847131869189,156
INI_0000004,PLT_BIZ,PLT_BIZ_L01,capex_mayor,CAPEX Mayor,1514589.1215,2177963.5374678136,1065561.4112864037,766207.4563276307,2092048.444139392,1078816.163070197,899308.1496949373,0.7122830527145028,1013232.2810691948,36.0,86.99420374263251,50.05799999999999,0.5578194999999999,17.829143833333333,1065561.4112864037,2092048.444139392,36.0,299353.954958773,40.34804370693381,157
INI_0000031,PLT_ALA,PLT_ALA_L04,optimizacion_parametros,Optimización de Parámetros de Proceso,332046.01080000005,776806.4825576037,500277.61887105246,357130.5167686744,1643881.4802185893,1078498.813406468,447915.24186383234,3.248040266492092,565382.6668121212,17.0,64.97927585391623,44.272499999999994,0.6581300000000001,6.1146650000000005,500277.61887105246,1643881.4802185893,17.0,143147.10210237803,40.32370115024759,158
INI_0000022,PLT_ALA,PLT_ALA_L02,mantenimiento_restauracion,Mantenimiento y Restauración de Performance,129932.7696,576418.4009697961,367647.0852883271,260659.81819626215,1350676.673342716,919811.410785512,331760.1302873042,7.0791334135119675,430865.262557204,12.0,63.70843129015334,55.30925,0.6628820000000001,2.6319645000000005,367647.0852883271,1350676.673342716,12.0,106987.26709206498,40.303832342477165,159
INI_0000044,PLT_CAN,PLT_CAN_L03,capex_mayor,CAPEX Mayor,1504127.07,1631498.6297291142,846505.8581306598,606637.7348962483,1516712.6361869697,660719.5630673087,728580.1805737579,0.4392711069732351,855993.0731196607,39.0,83.64425836132298,65.99100000000001,0.5966849999999999,17.111137500000005,846505.8581306598,1516712.6361869697,39.0,239868.12323441147,40.05123729107326,160
INI_0000047,PLT_CAN,PLT_CAN_L04,optimizacion_parametros,Optimización de Parámetros de Proceso,354511.6092,786823.2797842992,512359.97202694096,367367.0105920975,1669137.092715032,1096463.9054758674,458732.9757219185,3.0928857533048806,572673.1872391645,17.0,65.13617550086724,41.2555,0.6581300000000001,6.1146650000000005,512359.97202694096,1669137.092715032,17.0,144992.96143484348,39.978442103181614,161
INI_0000002,PLT_BIZ,PLT_BIZ_L01,mantenimiento_restauracion,Mantenimiento y Restauración de Performance,93007.18,459102.27504780394,360506.7250974227,257296.95266893104,1430237.5959925093,994146.5726125974,331806.88598386175,10.688922861789782,436091.0233799119,8.0,59.573821958250136,35.645,0.802885,2.0372319,360506.7250974227,1430237.5959925093,8.0,103209.7724284917,39.9271937777443,162
INI_0000030,PLT_ALA,PLT_ALA_L04,mantenimiento_restauracion,Mantenimiento y Restauración de Performance,143916.3075,557514.8392544393,407350.0188623345,290014.72102355416,1561028.1393056882,1069926.7395236795,373445.8400222412,7.434367641232594,491101.3997820085,9.0,61.731176106238216,36.8455,0.7516475,2.3073009666666664,407350.0188623345,1561028.1393056882,9.0,117335.29783878032,39.66328904631895,163
INI_0000034,PLT_CAN,PLT_CAN_L01,mantenimiento_restauracion,Mantenimiento y Restauración de Performance,195133.06080000004,652910.3840309326,451977.9788749592,325001.69107203727,1625098.5969584335,1113732.4029265195,407859.2736318093,5.70755359630232,511366.19403191423,13.0,64.68304094097192,41.13325,0.694562,2.437004166666666,451977.9788749592,1625098.5969584335,13.0,126976.28780292196,39.65898120401767,164
INI_0000042,PLT_CAN,PLT_CAN_L03,mantenimiento_restauracion,Mantenimiento y Restauración de Performance,99361.2852,517745.8408279331,350736.7883590059,250046.9440838092,1313146.039384066,907642.1194349388,316500.4898958431,9.13476629864424,405503.9199491272,11.0,53.065535597564704,42.830749999999995,0.694562,2.437004166666666,350736.7883590059,1313146.039384066,11.0,100689.84427519666,39.444339695935184,165
INI_0000024,PLT_ALA,PLT_ALA_L02,capex_mayor,CAPEX Mayor,2265233.0085,2357460.273602665,1155773.4312569932,831748.2378041953,1646747.8781830324,550010.1185924473,975444.9203218411,0.2428050962212734,1096737.7595905853,45.0,87.95891840781007,74.32650000000001,0.5578194999999999,20.9298645,1155773.4312569932,1646747.8781830324,45.0,324025.19345279795,39.422896671625715,166
INI_0000012,PLT_BIZ,PLT_BIZ_L03,capex_mayor,CAPEX Mayor,1731192.6528,2135759.4135013786,954874.5083581122,684851.9014427491,1161028.0901890616,343156.2358660795,775002.7483118166,0.1982195541963886,817871.854322982,49.0,98.98121621901252,83.618,0.5131060000000001,20.337907500000004,954874.5083581122,1161028.0901890616,49.0,270022.6069153631,39.31704518702803,167
INI_0000046,PLT_CAN,PLT_CAN_L04,mantenimiento_restauracion,Mantenimiento y Restauración de Performance,132643.5075,563504.0909808374,410170.83884601895,291575.03530287364,1584107.3493803784,1087730.1619432569,376031.8801341348,8.20040258618204,496377.1874371215,9.0,51.53569381090423,29.36875,0.7516475,2.3073009666666664,410170.83884601895,1584107.3493803784,9.0,118595.8035431453,39.229380278069286,168
INI_0000030,PLT_ALA,PLT_ALA_L04,mantenimiento_restauracion,Mantenimiento y Restauración de Performance,137063.15,432750.8415280473,336025.9397904129,238740.17515834395,1282743.2551243382,871682.871398656,309275.0091181429,6.359717191664251,411060.38372568216,10.0,60.50313488801022,36.8455,0.802885,2.0372319,336025.9397904129,1282743.2551243382,10.0,97285.76463206895,38.78699068082003,169
INI_0000046,PLT_CAN,PLT_CAN_L04,mantenimiento_restauracion,Mantenimiento y Restauración de Performance,126327.15,437263.9742340515,338008.8936864064,239708.5416195926,1301857.8066265057,886510.4986850672,311100.1006115173,7.017576971261263,415347.3079414383,9.0,50.30765266343765,29.36875,0.802885,2.0372319,338008.8936864064,1301857.8066265057,9.0,98300.35206681376,38.34029676262981,170
INI_0000032,PLT_ALA,PLT_ALA_L04,capex_mayor,CAPEX Mayor,1434674.61,1558774.9706974465,857996.241786095,614993.224954575,1627169.664380168,759989.4140403409,738469.8531827884,0.5297294653038719,867180.2503398272,37.0,83.53095961950505,48.937999999999995,0.6326849999999999,15.7422465,857996.241786095,1627169.664380168,37.0,243003.01683152,38.27097226745833,171
INI_0000006,PLT_BIZ,PLT_BIZ_L02,mantenimiento_restauracion,Mantenimiento y Restauración de Performance,120159.7956,499491.73204938817,339409.04586693714,242269.21247614472,1246727.794265302,855520.6819023853,306278.47678758646,7.119857999345542,391207.1123629168,12.0,63.52103074463107,41.936499999999995,0.694562,2.437004166666666,339409.04586693714,1246727.794265302,12.0,97139.83339079242,38.25772102324249,172
INI_0000004,PLT_BIZ,PLT_BIZ_L01,capex_mayor,CAPEX Mayor,1442465.83,1660322.921795727,868332.7365861812,624226.7741555905,1656265.2463024256,785149.0257298632,747366.3837568088,0.5443103118289209,871116.2205725624,37.0,83.54393954866583,50.05799999999999,0.5966849999999999,15.7422465,868332.7365861812,1656265.2463024256,37.0,244105.96243059076,38.22269559528218,173
INI_0000002,PLT_BIZ,PLT_BIZ_L01,mantenimiento_restauracion,Mantenimiento y Restauración de Performance,100447.7544,510827.42172888864,346653.82097377704,247309.4525803361,1295616.4095887472,895531.0673340873,312816.0712076875,8.915391615107,400085.34225465986,11.0,63.09159889595808,35.645,0.694562,2.2420438333333332,346653.82097377704,1295616.4095887472,11.0,99344.36839344092,37.69082658222688,174
INI_0000048,PLT_CAN,PLT_CAN_L04,capex_mayor,CAPEX Mayor,1468457.802,1847698.6155610555,882026.3805604248,634000.0572828809,1203113.1441202855,451865.8642823444,715877.1786600973,0.3077145721633371,751247.279837941,46.0,93.58673984922882,64.49024999999999,0.544786,17.324884166666667,882026.3805604248,1203113.1441202855,46.0,248026.32327754388,37.38245114557844,175
INI_0000024,PLT_ALA,PLT_ALA_L02,capex_mayor,CAPEX Mayor,2157364.77,1798875.3101359806,943134.168436069,678657.7927208896,1208302.598876672,264492.54790651187,811747.3212316148,0.1225998271523233,943810.05097016,48.0,84.50865418762581,74.32650000000001,0.5966849999999999,18.480028500000003,943134.168436069,1208302.598876672,48.0,264476.3757151795,37.26948975733612,176
INI_0000036,PLT_CAN,PLT_CAN_L01,capex_mayor,CAPEX Mayor,2424750.573,2560908.5901694964,1244724.3690783668,892735.8708473841,1788305.2122739234,596919.2189877598,1050517.3680085456,0.2461775762152835,1191385.9932861635,45.0,93.12201005273064,63.44650000000001,0.5578194999999999,19.379504166666663,1244724.3690783668,1788305.2122739234,45.0,351988.4982309827,36.69091858854423,177
INI_0000030,PLT_ALA,PLT_ALA_L04,mantenimiento_restauracion,Mantenimiento y Restauración de Performance,148028.202,481228.2261010671,322752.0786557511,229164.0836861324,1151777.4934873614,774874.5486716246,291247.4379644699,5.234641360243129,376902.94481573673,13.0,64.02091243923066,36.8455,0.694562,2.2420438333333332,322752.0786557511,1151777.4934873614,13.0,93587.99496961864,36.59056792665811,178
INI_0000046,PLT_CAN,PLT_CAN_L04,mantenimiento_restauracion,Mantenimiento y Restauración de Performance,136433.322,486443.1914534915,324723.922716695,230121.73505284535,1171313.4970633972,790326.1372199603,293026.80537615996,5.792764741299492,380987.35984343686,12.0,53.82543010458476,29.36875,0.694562,2.2420438333333332,324723.922716695,1171313.4970633972,12.0,94602.18766384965,36.145861106684336,179
INI_0000044,PLT_CAN,PLT_CAN_L03,capex_mayor,CAPEX Mayor,1624457.2356000002,1906477.8993901864,850612.1010562443,609577.3996916792,951962.9550935088,221892.60871316277,690380.4743928134,0.1365949215838887,730070.346380346,51.0,93.8287037563922,65.99100000000001,0.5131060000000001,18.831395833333335,850612.1010562443,951962.9550935088,51.0,241034.7013645652,35.69276755231719,180
INI_0000028,PLT_ALA,PLT_ALA_L03,reduccion_scrap_reproceso,Reducción de Scrap/Reproceso,881602.7706,439736.5828036076,286773.7127745962,201134.39496877923,353250.7545106879,-15513.91522634811,266048.46249202325,-0.0175973984471369,368764.669737036,49.0,63.96392774381938,74.2635,0.7903872000000001,2.3469344999999997,286773.7127745962,353250.7545106879,49.0,85639.31780581694,35.019115204368376,181
INI_0000036,PLT_CAN,PLT_CAN_L01,capex_mayor,CAPEX Mayor,2309286.26,1957949.1901121775,1016005.6043358344,728141.6802953207,1316430.0204092998,289159.19485270674,874467.1280900873,0.1252158296099275,1027270.825556593,48.0,89.67174582906625,63.44650000000001,0.5966849999999999,17.111137500000005,1016005.6043358344,1316430.0204092998,48.0,287863.9240405138,34.475402099440586,182
INI_0000008,PLT_BIZ,PLT_BIZ_L02,capex_mayor,CAPEX Mayor,2316700.491,2114503.077248159,1030983.0262718124,740351.5037245315,1172898.581098031,189189.37778468293,870124.8261271578,0.0816632873000426,983709.203313348,50.0,93.0127614235892,64.75725,0.5578194999999999,19.379504166666663,1030983.0262718124,1172898.581098031,50.0,290631.52254728077,34.291587727965286,183
INI_0000032,PLT_ALA,PLT_ALA_L04,capex_mayor,CAPEX Mayor,1549448.5788000005,1825346.6643013705,865162.4681917826,620136.5651355501,1071043.239399694,328883.9365951765,702189.9576498107,0.2122586971230028,742159.3028045176,49.0,93.71540500886064,48.937999999999995,0.544786,17.324884166666667,865162.4681917826,1071043.239399694,49.0,245025.9030562325,33.870296339478315,184
INI_0000004,PLT_BIZ,PLT_BIZ_L01,capex_mayor,CAPEX Mayor,1557863.0964000002,1945086.1168149544,874776.3001372946,628860.388159077,1091748.0709173398,346893.01883574104,709992.8114430179,0.222672338562587,744855.0520815987,48.0,93.72838493868976,50.05799999999999,0.5131060000000001,17.324884166666667,874776.3001372946,1091748.0709173398,48.0,245915.9119782175,33.82820367030687,185
INI_0000028,PLT_ALA,PLT_ALA_L03,reduccion_scrap_reproceso,Reducción de Scrap/Reproceso,898721.2710000001,358067.3331978585,224154.954091746,155931.2707920171,66494.5870126917,-227278.00114960968,207955.18640494448,-0.252890421628409,293772.58816230134,66.0,64.01001774443378,74.2635,0.7732675,2.216103299999999,224154.954091746,66494.5870126917,66.0,68223.6832997289,32.95792937545464,186
INI_0000008,PLT_BIZ,PLT_BIZ_L02,capex_mayor,CAPEX Mayor,2206381.42,1611318.9264962818,839257.1272649951,602355.8882520498,788590.4746318103,-56814.97930745134,722341.2613834059,-0.0257502981091326,845405.4539392616,54.0,89.56249720222974,64.75725,0.5966849999999999,17.111137500000005,839257.1272649951,788590.4746318103,54.0,236901.23901294533,32.48137741921149,187
INI_0000024,PLT_ALA,PLT_ALA_L02,capex_mayor,CAPEX Mayor,2329953.9516000003,2101028.816400058,947251.695172386,681620.0539761679,539178.0417966192,-265394.01027642976,768815.8608024176,-0.1139052598418013,804572.0520730489,61.0,94.69309961843268,74.32650000000001,0.5131060000000001,20.337907500000004,947251.695172386,539178.0417966192,61.0,265631.6411962182,32.170820436043556,188
INI_0000036,PLT_CAN,PLT_CAN_L01,capex_mayor,CAPEX Mayor,2494029.1607999997,2277102.12790801,1016036.1308067834,728143.660848184,583444.1065496478,-288553.8011087524,824643.2247032481,-0.1156978457365727,871997.9076584001,61.0,99.85619126528664,63.44650000000001,0.5131060000000001,18.831395833333335,1016036.1308067834,583444.1065496478,61.0,287892.4699585994,28.96690878516546,189
INI_0000008,PLT_BIZ,PLT_BIZ_L02,capex_mayor,CAPEX Mayor,2382891.9336,1887870.2134669656,845577.1869568726,606895.0426405815,178277.99868792054,-544666.6843361147,686293.9978659288,-0.2285738084283364,722944.6830240352,68.0,99.74694263486472,64.75725,0.5131060000000001,18.831395833333335,845577.1869568726,178277.99868792054,68.0,238682.1443162911,27.602679206182824,190
INI_0000028,PLT_ALA,PLT_ALA_L03,reduccion_scrap_reproceso,Reducción de Scrap/Reproceso,855925.02,277447.8160427294,182610.9680151556,126150.87458943205,-62227.332297925735,-307624.67116817756,170083.69991137565,-0.3594060974735585,245397.33887025184,999.0,62.781975826906155,74.2635,0.825885,1.9567089,182610.9680151556,-62227.332297925735,999.0,56460.09342572358,19.08157143615024,191
INI_0000028,PLT_ALA,PLT_ALA_L03,reduccion_scrap_reproceso,Reducción de Scrap/Reproceso,924399.0216,314915.6778837939,178945.32093301867,123480.10032032344,-168189.1989856956,-402581.15973715554,164709.92395571055,-0.4355058263046905,234391.96075145993,999.0,66.29975446592616,74.2635,0.714802,2.1534255,178945.32093301867,-168189.1989856956,999.0,55465.22061269524,16.811175117089665,192
